image,Painter
0.jpg,Amedeo_Modigliani
1.jpg,Rene_Magritte
2.jpg,Francisco_Goya
3.jpg,Sandro_Botticelli
4.jpg,Edgar_Degas
5.jpg,Vincent_van_Gogh
6.jpg,El_Greco
7.jpg,Rembrandt
8.jpg,Raphael
9.jpg,Jan_van_Eyck
10.jpg,Gustav_Klimt
11.jpg,Sandro_Botticelli
12.jpg,Rembrandt
13.jpg,Edgar_Degas
14.jpg,Sandro_Botticelli
15.jpg,Hieronymus_Bosch
16.jpg,Edgar_Degas
17.jpg,Raphael
18.jpg,Vincent_van_Gogh
19.jpg,Paul_Klee
20.jpg,Edgar_Degas
21.jpg,Paul_Gauguin
22.jpg,Pierre-Auguste_Renoir
23.jpg,Edgar_Degas
24.jpg,Michelangelo
25.jpg,Paul_Klee
26.jpg,Edgar_Degas
27.jpg,Vasiliy_Kandinskiy
28.jpg,Pierre-Auguste_Renoir
29.jpg,Rembrandt
30.jpg,Pablo_Picasso
31.jpg,Vincent_van_Gogh
32.jpg,Vincent_van_Gogh
33.jpg,Vincent_van_Gogh
34.jpg,Edgar_Degas
35.jpg,Michelangelo
36.jpg,Paul_Gauguin
37.jpg,Henri_de_Toulouse-Lautrec
38.jpg,Amedeo_Modigliani
39.jpg,Alfred_Sisley
40.jpg,Claude_Monet
41.jpg,Pieter_Bruegel
42.jpg,Henri_Rousseau
43.jpg,Edgar_Degas
44.jpg,Pablo_Picasso
45.jpg,Frida_Kahlo
46.jpg,Edgar_Degas
47.jpg,Giotto_di_Bondone
48.jpg,Vincent_van_Gogh
49.jpg,Frida_Kahlo
50.jpg,Francisco_Goya
51.jpg,Leonardo_da_Vinci
52.jpg,Rembrandt
53.jpg,Pablo_Picasso
54.jpg,Amedeo_Modigliani
55.jpg,Pablo_Picasso
56.jpg,Edgar_Degas
57.jpg,Henri_de_Toulouse-Lautrec
58.jpg,Vincent_van_Gogh
59.jpg,El_Greco
60.jpg,Vincent_van_Gogh
61.jpg,Rene_Magritte
62.jpg,Andy_Warhol
63.jpg,Edgar_Degas
64.jpg,Vincent_van_Gogh
65.jpg,Frida_Kahlo
66.jpg,Rembrandt
67.jpg,Vincent_van_Gogh
68.jpg,Francisco_Goya
69.jpg,Andrei_Rublev
70.jpg,Vasiliy_Kandinskiy
71.jpg,Edgar_Degas
72.jpg,Vincent_van_Gogh
73.jpg,Jackson_Pollock
74.jpg,Joan_Miro
75.jpg,Diego_Velazquez
76.jpg,Edouard_Manet
77.jpg,Mikhail_Vrubel
78.jpg,Andy_Warhol
79.jpg,Gustav_Klimt
80.jpg,Peter_Paul_Rubens
81.jpg,Vincent_van_Gogh
82.jpg,Rene_Magritte
83.jpg,Diego_Velazquez
84.jpg,Marc_Chagall
85.jpg,Pierre-Auguste_Renoir
86.jpg,Salvador_Dali
87.jpg,Vincent_van_Gogh
88.jpg,Frida_Kahlo
89.jpg,Edgar_Degas
90.jpg,Pieter_Bruegel
91.jpg,Titian
92.jpg,Paul_Gauguin
93.jpg,Joan_Miro
94.jpg,Marc_Chagall
95.jpg,Paul_Klee
96.jpg,Edgar_Degas
97.jpg,Vincent_van_Gogh
98.jpg,Raphael
99.jpg,Edgar_Degas
100.jpg,Rembrandt
101.jpg,Andrei_Rublev
102.jpg,Piet_Mondrian
103.jpg,Francisco_Goya
104.jpg,Francisco_Goya
105.jpg,Mikhail_Vrubel
106.jpg,Kazimir_Malevich
107.jpg,Vincent_van_Gogh
108.jpg,Giotto_di_Bondone
109.jpg,Claude_Monet
110.jpg,Vincent_van_Gogh
111.jpg,Rembrandt
112.jpg,Gustave_Courbet
113.jpg,Edvard_Munch
114.jpg,Pablo_Picasso
115.jpg,Paul_Klee
116.jpg,El_Greco
117.jpg,Alfred_Sisley
118.jpg,Henri_Matisse
119.jpg,Amedeo_Modigliani
120.jpg,Paul_Klee
121.jpg,Henri_Matisse
122.jpg,Titian
123.jpg,Leonardo_da_Vinci
124.jpg,Edgar_Degas
125.jpg,Amedeo_Modigliani
126.jpg,Pieter_Bruegel
127.jpg,Sandro_Botticelli
128.jpg,Vasiliy_Kandinskiy
129.jpg,Sandro_Botticelli
130.jpg,Pablo_Picasso
131.jpg,Titian
132.jpg,Giotto_di_Bondone
133.jpg,Kazimir_Malevich
134.jpg,Leonardo_da_Vinci
135.jpg,Pieter_Bruegel
136.jpg,Pierre-Auguste_Renoir
137.jpg,Henri_Matisse
138.jpg,Titian
139.jpg,El_Greco
140.jpg,Andrei_Rublev
141.jpg,Gustav_Klimt
142.jpg,Marc_Chagall
143.jpg,Diego_Velazquez
144.jpg,Vincent_van_Gogh
145.jpg,Alfred_Sisley
146.jpg,Marc_Chagall
147.jpg,Pablo_Picasso
148.jpg,Piet_Mondrian
149.jpg,Edgar_Degas
150.jpg,Giotto_di_Bondone
151.jpg,Pierre-Auguste_Renoir
152.jpg,Sandro_Botticelli
153.jpg,Vincent_van_Gogh
154.jpg,Paul_Cezanne
155.jpg,Giotto_di_Bondone
156.jpg,Vincent_van_Gogh
157.jpg,Peter_Paul_Rubens
158.jpg,Alfred_Sisley
159.jpg,Marc_Chagall
160.jpg,Andy_Warhol
161.jpg,Vincent_van_Gogh
162.jpg,Vincent_van_Gogh
163.jpg,Marc_Chagall
164.jpg,Joan_Miro
165.jpg,Peter_Paul_Rubens
166.jpg,Vincent_van_Gogh
167.jpg,El_Greco
168.jpg,Salvador_Dali
169.jpg,Paul_Gauguin
170.jpg,Amedeo_Modigliani
171.jpg,Andy_Warhol
172.jpg,Salvador_Dali
173.jpg,Vincent_van_Gogh
174.jpg,Paul_Klee
175.jpg,Alfred_Sisley
176.jpg,El_Greco
177.jpg,Henri_Matisse
178.jpg,Jan_van_Eyck
179.jpg,William_Turner
180.jpg,Diego_Velazquez
181.jpg,Alfred_Sisley
182.jpg,Vincent_van_Gogh
183.jpg,Leonardo_da_Vinci
184.jpg,Francisco_Goya
185.jpg,Vincent_van_Gogh
186.jpg,Vincent_van_Gogh
187.jpg,Amedeo_Modigliani
188.jpg,Pieter_Bruegel
189.jpg,Leonardo_da_Vinci
190.jpg,Rene_Magritte
191.jpg,Paul_Gauguin
192.jpg,Edgar_Degas
193.jpg,Titian
194.jpg,Rembrandt
195.jpg,Giotto_di_Bondone
196.jpg,Pablo_Picasso
197.jpg,Mikhail_Vrubel
198.jpg,Kazimir_Malevich
199.jpg,Pablo_Picasso
200.jpg,Vincent_van_Gogh
201.jpg,Henri_Matisse
202.jpg,Titian
203.jpg,Hieronymus_Bosch
204.jpg,Andrei_Rublev
205.jpg,Frida_Kahlo
206.jpg,Vincent_van_Gogh
207.jpg,Francisco_Goya
208.jpg,Pablo_Picasso
209.jpg,Pablo_Picasso
210.jpg,Edgar_Degas
211.jpg,Pierre-Auguste_Renoir
212.jpg,Vincent_van_Gogh
213.jpg,Frida_Kahlo
214.jpg,Vincent_van_Gogh
215.jpg,Henri_Matisse
216.jpg,Henri_de_Toulouse-Lautrec
217.jpg,Hieronymus_Bosch
218.jpg,Andy_Warhol
219.jpg,Henri_de_Toulouse-Lautrec
220.jpg,Henri_Matisse
221.jpg,Rene_Magritte
222.jpg,Titian
223.jpg,Diego_Velazquez
224.jpg,Henri_Matisse
225.jpg,Joan_Miro
226.jpg,Caravaggio
227.jpg,Mikhail_Vrubel
228.jpg,Vincent_van_Gogh
229.jpg,Henri_Matisse
230.jpg,Pablo_Picasso
231.jpg,Vincent_van_Gogh
232.jpg,Amedeo_Modigliani
233.jpg,Alfred_Sisley
234.jpg,Edgar_Degas
235.jpg,Edgar_Degas
236.jpg,Amedeo_Modigliani
237.jpg,Alfred_Sisley
238.jpg,Camille_Pissarro
239.jpg,Pierre-Auguste_Renoir
240.jpg,Vincent_van_Gogh
241.jpg,Hieronymus_Bosch
242.jpg,Alfred_Sisley
243.jpg,Vincent_van_Gogh
244.jpg,Andy_Warhol
245.jpg,Henri_Matisse
246.jpg,Pierre-Auguste_Renoir
247.jpg,El_Greco
248.jpg,Edgar_Degas
249.jpg,Vincent_van_Gogh
250.jpg,Amedeo_Modigliani
251.jpg,Pierre-Auguste_Renoir
252.jpg,Pablo_Picasso
253.jpg,Vincent_van_Gogh
254.jpg,Edgar_Degas
255.jpg,Rembrandt
256.jpg,Mikhail_Vrubel
257.jpg,Andy_Warhol
258.jpg,Titian
259.jpg,Paul_Gauguin
260.jpg,Rene_Magritte
261.jpg,Raphael
262.jpg,Diego_Rivera
263.jpg,Titian
264.jpg,Peter_Paul_Rubens
265.jpg,Vincent_van_Gogh
266.jpg,Titian
267.jpg,Frida_Kahlo
268.jpg,Hieronymus_Bosch
269.jpg,Vincent_van_Gogh
270.jpg,Edouard_Manet
271.jpg,Pieter_Bruegel
272.jpg,Pierre-Auguste_Renoir
273.jpg,Diego_Velazquez
274.jpg,Claude_Monet
275.jpg,Rembrandt
276.jpg,Rene_Magritte
277.jpg,Rene_Magritte
278.jpg,Kazimir_Malevich
279.jpg,Eugene_Delacroix
280.jpg,Edgar_Degas
281.jpg,Joan_Miro
282.jpg,Vincent_van_Gogh
283.jpg,Edgar_Degas
284.jpg,Francisco_Goya
285.jpg,Claude_Monet
286.jpg,Marc_Chagall
287.jpg,Edgar_Degas
288.jpg,Hieronymus_Bosch
289.jpg,Peter_Paul_Rubens
290.jpg,Edgar_Degas
291.jpg,Edgar_Degas
292.jpg,Alfred_Sisley
293.jpg,Edouard_Manet
294.jpg,Vincent_van_Gogh
295.jpg,Kazimir_Malevich
296.jpg,Titian
297.jpg,Titian
298.jpg,Diego_Rivera
299.jpg,Paul_Klee
300.jpg,Leonardo_da_Vinci
301.jpg,Gustav_Klimt
302.jpg,Rene_Magritte
303.jpg,Hieronymus_Bosch
304.jpg,Kazimir_Malevich
305.jpg,Pierre-Auguste_Renoir
306.jpg,Pierre-Auguste_Renoir
307.jpg,Alfred_Sisley
308.jpg,Vincent_van_Gogh
309.jpg,Paul_Gauguin
310.jpg,Pierre-Auguste_Renoir
311.jpg,Claude_Monet
312.jpg,Pablo_Picasso
313.jpg,William_Turner
314.jpg,Vincent_van_Gogh
315.jpg,Edgar_Degas
316.jpg,Leonardo_da_Vinci
317.jpg,Edgar_Degas
318.jpg,Edgar_Degas
319.jpg,Andrei_Rublev
320.jpg,Hieronymus_Bosch
321.jpg,Edgar_Degas
322.jpg,Vincent_van_Gogh
323.jpg,Diego_Velazquez
324.jpg,Sandro_Botticelli
325.jpg,Titian
326.jpg,Andy_Warhol
327.jpg,Paul_Gauguin
328.jpg,Paul_Gauguin
329.jpg,Mikhail_Vrubel
330.jpg,Pierre-Auguste_Renoir
331.jpg,Vincent_van_Gogh
332.jpg,Pablo_Picasso
333.jpg,Pieter_Bruegel
334.jpg,Vincent_van_Gogh
335.jpg,Rene_Magritte
336.jpg,Caravaggio
337.jpg,Pierre-Auguste_Renoir
338.jpg,Vincent_van_Gogh
339.jpg,Francisco_Goya
340.jpg,Raphael
341.jpg,Caravaggio
342.jpg,Joan_Miro
343.jpg,Henri_Rousseau
344.jpg,Pieter_Bruegel
345.jpg,Frida_Kahlo
346.jpg,Rene_Magritte
347.jpg,Pieter_Bruegel
348.jpg,Edgar_Degas
349.jpg,Edgar_Degas
350.jpg,Henri_Rousseau
351.jpg,Rembrandt
352.jpg,Mikhail_Vrubel
353.jpg,Vincent_van_Gogh
354.jpg,Pablo_Picasso
355.jpg,Diego_Rivera
356.jpg,Andrei_Rublev
357.jpg,Frida_Kahlo
358.jpg,Salvador_Dali
359.jpg,Vincent_van_Gogh
360.jpg,Edgar_Degas
361.jpg,Titian
362.jpg,Henri_de_Toulouse-Lautrec
363.jpg,Joan_Miro
364.jpg,Henri_Matisse
365.jpg,Titian
366.jpg,Sandro_Botticelli
367.jpg,Titian
368.jpg,Pierre-Auguste_Renoir
369.jpg,Vincent_van_Gogh
370.jpg,Vincent_van_Gogh
371.jpg,Vincent_van_Gogh
372.jpg,Pablo_Picasso
373.jpg,Andy_Warhol
374.jpg,Rembrandt
375.jpg,Giotto_di_Bondone
376.jpg,Pablo_Picasso
377.jpg,Pablo_Picasso
378.jpg,Rembrandt
379.jpg,Vincent_van_Gogh
380.jpg,Michelangelo
381.jpg,Henri_Matisse
382.jpg,Pablo_Picasso
383.jpg,Pieter_Bruegel
384.jpg,Salvador_Dali
385.jpg,Edgar_Degas
386.jpg,El_Greco
387.jpg,Edgar_Degas
388.jpg,Paul_Klee
389.jpg,Pablo_Picasso
390.jpg,Edvard_Munch
391.jpg,Raphael
392.jpg,Claude_Monet
393.jpg,Francisco_Goya
394.jpg,Edgar_Degas
395.jpg,Edgar_Degas
396.jpg,Mikhail_Vrubel
397.jpg,Edgar_Degas
398.jpg,Henri_Rousseau
399.jpg,Francisco_Goya
400.jpg,Vincent_van_Gogh
401.jpg,Giotto_di_Bondone
402.jpg,Edgar_Degas
403.jpg,Pierre-Auguste_Renoir
404.jpg,Henri_Matisse
405.jpg,Gustave_Courbet
406.jpg,Edgar_Degas
407.jpg,Rembrandt
408.jpg,Pablo_Picasso
409.jpg,Vincent_van_Gogh
410.jpg,Mikhail_Vrubel
411.jpg,Paul_Gauguin
412.jpg,Paul_Gauguin
413.jpg,Joan_Miro
414.jpg,Frida_Kahlo
415.jpg,Salvador_Dali
416.jpg,Paul_Klee
417.jpg,Paul_Gauguin
418.jpg,Rembrandt
419.jpg,Alfred_Sisley
420.jpg,Vincent_van_Gogh
421.jpg,Alfred_Sisley
422.jpg,Henri_de_Toulouse-Lautrec
423.jpg,Vincent_van_Gogh
424.jpg,Edgar_Degas
425.jpg,Pablo_Picasso
426.jpg,Henri_Matisse
427.jpg,Edgar_Degas
428.jpg,Mikhail_Vrubel
429.jpg,Rembrandt
430.jpg,Sandro_Botticelli
431.jpg,Sandro_Botticelli
432.jpg,Jan_van_Eyck
433.jpg,Titian
434.jpg,Titian
435.jpg,Henri_Rousseau
436.jpg,Henri_Matisse
437.jpg,Vincent_van_Gogh
438.jpg,Vincent_van_Gogh
439.jpg,Rembrandt
440.jpg,Pablo_Picasso
441.jpg,Andy_Warhol
442.jpg,Vincent_van_Gogh
443.jpg,Francisco_Goya
444.jpg,Hieronymus_Bosch
445.jpg,Titian
446.jpg,Sandro_Botticelli
447.jpg,Alfred_Sisley
448.jpg,Pierre-Auguste_Renoir
449.jpg,Henri_Matisse
450.jpg,Leonardo_da_Vinci
451.jpg,Pierre-Auguste_Renoir
452.jpg,Alfred_Sisley
453.jpg,Joan_Miro
454.jpg,Paul_Klee
455.jpg,Amedeo_Modigliani
456.jpg,Mikhail_Vrubel
457.jpg,Andy_Warhol
458.jpg,Leonardo_da_Vinci
459.jpg,Henri_Matisse
460.jpg,Rembrandt
461.jpg,Andy_Warhol
462.jpg,Vincent_van_Gogh
463.jpg,Vasiliy_Kandinskiy
464.jpg,Paul_Klee
465.jpg,Frida_Kahlo
466.jpg,Diego_Velazquez
467.jpg,Jan_van_Eyck
468.jpg,Titian
469.jpg,Edgar_Degas
470.jpg,Sandro_Botticelli
471.jpg,Henri_de_Toulouse-Lautrec
472.jpg,Vincent_van_Gogh
473.jpg,Henri_de_Toulouse-Lautrec
474.jpg,Gustave_Courbet
475.jpg,Jackson_Pollock
476.jpg,Mikhail_Vrubel
477.jpg,Giotto_di_Bondone
478.jpg,Marc_Chagall
479.jpg,Paul_Cezanne
480.jpg,Mikhail_Vrubel
481.jpg,Amedeo_Modigliani
482.jpg,Vincent_van_Gogh
483.jpg,Diego_Rivera
484.jpg,Pieter_Bruegel
485.jpg,Salvador_Dali
486.jpg,Hieronymus_Bosch
487.jpg,Paul_Gauguin
488.jpg,Marc_Chagall
489.jpg,Georges_Seurat
490.jpg,Andrei_Rublev
491.jpg,Peter_Paul_Rubens
492.jpg,Paul_Gauguin
493.jpg,Sandro_Botticelli
494.jpg,Vincent_van_Gogh
495.jpg,Edgar_Degas
496.jpg,Gustav_Klimt
497.jpg,Pablo_Picasso
498.jpg,Pierre-Auguste_Renoir
499.jpg,Alfred_Sisley
500.jpg,Rembrandt
501.jpg,Gustav_Klimt
502.jpg,Marc_Chagall
503.jpg,Vincent_van_Gogh
504.jpg,Jackson_Pollock
505.jpg,Camille_Pissarro
506.jpg,Rembrandt
507.jpg,Vincent_van_Gogh
508.jpg,Piet_Mondrian
509.jpg,Pablo_Picasso
510.jpg,Rene_Magritte
511.jpg,Edgar_Degas
512.jpg,Vincent_van_Gogh
513.jpg,Paul_Klee
514.jpg,Vincent_van_Gogh
515.jpg,Pablo_Picasso
516.jpg,Alfred_Sisley
517.jpg,Vincent_van_Gogh
518.jpg,Edgar_Degas
519.jpg,Vincent_van_Gogh
520.jpg,Vincent_van_Gogh
521.jpg,Vincent_van_Gogh
522.jpg,Piet_Mondrian
523.jpg,Alfred_Sisley
524.jpg,Frida_Kahlo
525.jpg,Mikhail_Vrubel
526.jpg,Pablo_Picasso
527.jpg,Vincent_van_Gogh
528.jpg,Andy_Warhol
529.jpg,Claude_Monet
530.jpg,Rembrandt
531.jpg,Rembrandt
532.jpg,Henri_Rousseau
533.jpg,Pablo_Picasso
534.jpg,Edvard_Munch
535.jpg,Leonardo_da_Vinci
536.jpg,Vasiliy_Kandinskiy
537.jpg,Henri_Matisse
538.jpg,Vasiliy_Kandinskiy
539.jpg,Claude_Monet
540.jpg,Raphael
541.jpg,Pierre-Auguste_Renoir
542.jpg,Joan_Miro
543.jpg,Titian
544.jpg,Edgar_Degas
545.jpg,Edgar_Degas
546.jpg,Gustav_Klimt
547.jpg,Francisco_Goya
548.jpg,Rene_Magritte
549.jpg,Edgar_Degas
550.jpg,Georges_Seurat
551.jpg,Titian
552.jpg,Paul_Gauguin
553.jpg,Edgar_Degas
554.jpg,Michelangelo
555.jpg,Andy_Warhol
556.jpg,Amedeo_Modigliani
557.jpg,Michelangelo
558.jpg,Titian
559.jpg,Rembrandt
560.jpg,Henri_Matisse
561.jpg,Caravaggio
562.jpg,Paul_Klee
563.jpg,Paul_Cezanne
564.jpg,Paul_Klee
565.jpg,Vincent_van_Gogh
566.jpg,Rembrandt
567.jpg,Edgar_Degas
568.jpg,Paul_Klee
569.jpg,Andrei_Rublev
570.jpg,Edgar_Degas
571.jpg,Kazimir_Malevich
572.jpg,Vincent_van_Gogh
573.jpg,Mikhail_Vrubel
574.jpg,Rembrandt
575.jpg,Edouard_Manet
576.jpg,Pierre-Auguste_Renoir
577.jpg,Rene_Magritte
578.jpg,Paul_Cezanne
579.jpg,Giotto_di_Bondone
580.jpg,Gustav_Klimt
581.jpg,Rembrandt
582.jpg,Titian
583.jpg,Titian
584.jpg,Paul_Klee
585.jpg,Mikhail_Vrubel
586.jpg,Marc_Chagall
587.jpg,Pablo_Picasso
588.jpg,Salvador_Dali
589.jpg,Vincent_van_Gogh
590.jpg,Joan_Miro
591.jpg,Pablo_Picasso
592.jpg,Francisco_Goya
593.jpg,Rembrandt
594.jpg,Titian
595.jpg,Edgar_Degas
596.jpg,Kazimir_Malevich
597.jpg,Joan_Miro
598.jpg,Vincent_van_Gogh
599.jpg,Alfred_Sisley
600.jpg,Vincent_van_Gogh
601.jpg,Rene_Magritte
602.jpg,Vincent_van_Gogh
603.jpg,Vincent_van_Gogh
604.jpg,Paul_Gauguin
605.jpg,Paul_Gauguin
606.jpg,Titian
607.jpg,Edgar_Degas
608.jpg,William_Turner
609.jpg,Rene_Magritte
610.jpg,Amedeo_Modigliani
611.jpg,Kazimir_Malevich
612.jpg,Sandro_Botticelli
613.jpg,Peter_Paul_Rubens
614.jpg,Henri_Matisse
615.jpg,Francisco_Goya
616.jpg,Giotto_di_Bondone
617.jpg,Henri_Matisse
618.jpg,Marc_Chagall
619.jpg,Henri_Matisse
620.jpg,Edgar_Degas
621.jpg,Edgar_Degas
622.jpg,Titian
623.jpg,Mikhail_Vrubel
624.jpg,Edgar_Degas
625.jpg,Kazimir_Malevich
626.jpg,Rembrandt
627.jpg,Pablo_Picasso
628.jpg,Pierre-Auguste_Renoir
629.jpg,Sandro_Botticelli
630.jpg,Paul_Klee
631.jpg,Titian
632.jpg,El_Greco
633.jpg,Diego_Velazquez
634.jpg,Peter_Paul_Rubens
635.jpg,Henri_Matisse
636.jpg,Joan_Miro
637.jpg,Joan_Miro
638.jpg,Alfred_Sisley
639.jpg,Rembrandt
640.jpg,Rene_Magritte
641.jpg,Leonardo_da_Vinci
642.jpg,Vincent_van_Gogh
643.jpg,Hieronymus_Bosch
644.jpg,Edgar_Degas
645.jpg,Henri_Matisse
646.jpg,Titian
647.jpg,Edgar_Degas
648.jpg,Giotto_di_Bondone
649.jpg,Paul_Klee
650.jpg,Pablo_Picasso
651.jpg,Pierre-Auguste_Renoir
652.jpg,Amedeo_Modigliani
653.jpg,Jan_van_Eyck
654.jpg,Edgar_Degas
655.jpg,Titian
656.jpg,Alfred_Sisley
657.jpg,Francisco_Goya
658.jpg,Alfred_Sisley
659.jpg,Giotto_di_Bondone
660.jpg,Francisco_Goya
661.jpg,Pablo_Picasso
662.jpg,William_Turner
663.jpg,Paul_Gauguin
664.jpg,Edgar_Degas
665.jpg,Marc_Chagall
666.jpg,Vincent_van_Gogh
667.jpg,Vincent_van_Gogh
668.jpg,Pablo_Picasso
669.jpg,Paul_Gauguin
670.jpg,Vincent_van_Gogh
671.jpg,Francisco_Goya
672.jpg,Henri_Matisse
673.jpg,Hieronymus_Bosch
674.jpg,Pierre-Auguste_Renoir
675.jpg,Pieter_Bruegel
676.jpg,Edgar_Degas
677.jpg,Vincent_van_Gogh
678.jpg,Rembrandt
679.jpg,Edgar_Degas
680.jpg,Vincent_van_Gogh
681.jpg,Peter_Paul_Rubens
682.jpg,Peter_Paul_Rubens
683.jpg,Peter_Paul_Rubens
684.jpg,Edgar_Degas
685.jpg,Michelangelo
686.jpg,Francisco_Goya
687.jpg,Hieronymus_Bosch
688.jpg,Pierre-Auguste_Renoir
689.jpg,Pierre-Auguste_Renoir
690.jpg,Leonardo_da_Vinci
691.jpg,Vincent_van_Gogh
692.jpg,Marc_Chagall
693.jpg,William_Turner
694.jpg,Pierre-Auguste_Renoir
695.jpg,Mikhail_Vrubel
696.jpg,Rene_Magritte
697.jpg,Edgar_Degas
698.jpg,Pieter_Bruegel
699.jpg,Piet_Mondrian
700.jpg,Marc_Chagall
701.jpg,Pablo_Picasso
702.jpg,Henri_Matisse
703.jpg,Joan_Miro
704.jpg,Leonardo_da_Vinci
705.jpg,Salvador_Dali
706.jpg,Marc_Chagall
707.jpg,Salvador_Dali
708.jpg,Pablo_Picasso
709.jpg,Vincent_van_Gogh
710.jpg,Salvador_Dali
711.jpg,Gustav_Klimt
712.jpg,Alfred_Sisley
713.jpg,Giotto_di_Bondone
714.jpg,Edgar_Degas
715.jpg,Kazimir_Malevich
716.jpg,Diego_Rivera
717.jpg,Henri_Matisse
718.jpg,Paul_Klee
719.jpg,Mikhail_Vrubel
720.jpg,Pablo_Picasso
721.jpg,Mikhail_Vrubel
722.jpg,Rene_Magritte
723.jpg,Pieter_Bruegel
724.jpg,Alfred_Sisley
725.jpg,Rene_Magritte
726.jpg,El_Greco
727.jpg,Francisco_Goya
728.jpg,William_Turner
729.jpg,Diego_Velazquez
730.jpg,Francisco_Goya
731.jpg,Paul_Gauguin
732.jpg,Andrei_Rublev
733.jpg,Marc_Chagall
734.jpg,Vincent_van_Gogh
735.jpg,Vincent_van_Gogh
736.jpg,Rembrandt
737.jpg,Marc_Chagall
738.jpg,Edgar_Degas
739.jpg,Vincent_van_Gogh
740.jpg,Alfred_Sisley
741.jpg,Paul_Gauguin
742.jpg,Vasiliy_Kandinskiy
743.jpg,Claude_Monet
744.jpg,Marc_Chagall
745.jpg,Paul_Gauguin
746.jpg,Pablo_Picasso
747.jpg,El_Greco
748.jpg,Amedeo_Modigliani
749.jpg,Sandro_Botticelli
750.jpg,Gustav_Klimt
751.jpg,Vincent_van_Gogh
752.jpg,Edgar_Degas
753.jpg,Pieter_Bruegel
754.jpg,Rene_Magritte
755.jpg,Vasiliy_Kandinskiy
756.jpg,Francisco_Goya
757.jpg,Vincent_van_Gogh
758.jpg,Paul_Gauguin
759.jpg,Pablo_Picasso
760.jpg,Rembrandt
761.jpg,Vincent_van_Gogh
762.jpg,Edvard_Munch
763.jpg,Amedeo_Modigliani
764.jpg,Alfred_Sisley
765.jpg,Michelangelo
766.jpg,Andrei_Rublev
767.jpg,Vincent_van_Gogh
768.jpg,Piet_Mondrian
769.jpg,Eugene_Delacroix
770.jpg,Henri_de_Toulouse-Lautrec
771.jpg,Edgar_Degas
772.jpg,Mikhail_Vrubel
773.jpg,Pablo_Picasso
774.jpg,Edgar_Degas
775.jpg,Vincent_van_Gogh
776.jpg,Vincent_van_Gogh
777.jpg,Vincent_van_Gogh
778.jpg,Hieronymus_Bosch
779.jpg,Henri_Matisse
780.jpg,Edgar_Degas
781.jpg,Hieronymus_Bosch
782.jpg,Vincent_van_Gogh
783.jpg,Marc_Chagall
784.jpg,Francisco_Goya
785.jpg,Pieter_Bruegel
786.jpg,Caravaggio
787.jpg,Caravaggio
788.jpg,Salvador_Dali
789.jpg,Paul_Gauguin
790.jpg,Sandro_Botticelli
791.jpg,Edgar_Degas
792.jpg,Pablo_Picasso
793.jpg,Giotto_di_Bondone
794.jpg,Diego_Rivera
795.jpg,Paul_Klee
796.jpg,Andy_Warhol
797.jpg,Paul_Gauguin
798.jpg,Marc_Chagall
799.jpg,Diego_Rivera
800.jpg,Vincent_van_Gogh
801.jpg,Edgar_Degas
802.jpg,Paul_Gauguin
803.jpg,Pablo_Picasso
804.jpg,Andrei_Rublev
805.jpg,Vincent_van_Gogh
806.jpg,Pablo_Picasso
807.jpg,Henri_de_Toulouse-Lautrec
808.jpg,Pierre-Auguste_Renoir
809.jpg,Edgar_Degas
810.jpg,Edgar_Degas
811.jpg,Francisco_Goya
812.jpg,Sandro_Botticelli
813.jpg,Pieter_Bruegel
814.jpg,Leonardo_da_Vinci
815.jpg,Alfred_Sisley
816.jpg,Amedeo_Modigliani
817.jpg,Henri_Rousseau
818.jpg,Rene_Magritte
819.jpg,Salvador_Dali
820.jpg,Vincent_van_Gogh
821.jpg,Salvador_Dali
822.jpg,Francisco_Goya
823.jpg,Henri_de_Toulouse-Lautrec
824.jpg,Pierre-Auguste_Renoir
825.jpg,Edgar_Degas
826.jpg,Edgar_Degas
827.jpg,Camille_Pissarro
828.jpg,Rembrandt
829.jpg,Mikhail_Vrubel
830.jpg,Pablo_Picasso
831.jpg,Francisco_Goya
832.jpg,Mikhail_Vrubel
833.jpg,Pieter_Bruegel
